Domain,Available,Premium, Price 
imvickykumar999.online,available,, ?82.24 
imvickykumar999.shop,available,, ?82.24 
imvickykumar999.site,available,, ?82.24 
imvickykumar999.store,available,, ?82.24 
imvickykumar999.fun,available,, ?107.41 
imvickykumar999.cfd,available,, ?125.04 
imvickykumar999.sbs,available,, ?125.04 
imvickykumar999.cyou,available,, ?134.27 
imvickykumar999.autos,available,, ?151.05 
imvickykumar999.baby,available,, ?151.05 
imvickykumar999.beauty,available,, ?151.05 
imvickykumar999.boats,available,, ?151.05 
imvickykumar999.christmas,available,, ?151.05 
imvickykumar999.click,available,, ?151.05 
imvickykumar999.hair,available,, ?151.05 
imvickykumar999.homes,available,, ?151.05 
imvickykumar999.lat,available,, ?151.05 
imvickykumar999.lol,available,, ?151.05 
imvickykumar999.makeup,available,, ?151.05 
imvickykumar999.mom,available,, ?151.05 
imvickykumar999.monster,available,, ?151.05 
imvickykumar999.motorcycles,available,, ?151.05 
imvickykumar999.pics,available,, ?151.05 
imvickykumar999.quest,available,, ?151.05 
imvickykumar999.rest,available,, ?151.05 
imvickykumar999.skin,available,, ?151.05 
imvickykumar999.yachts,available,, ?151.05 
imvickykumar999.space,available,, ?157.76 
imvickykumar999.website,available,, ?157.76 
imvickykumar999.asia,available,, ?166.15 
imvickykumar999.blog,available,, ?166.15 
imvickykumar999.buzz,available,, ?166.15 
imvickykumar999.college,available,, ?166.15 
imvickykumar999.one,available,, ?166.15 
imvickykumar999.icu,available,, ?167.83 
imvickykumar999.xyz,available,, ?167.83 
imvickykumar999.bond,available,, ?193.01 
imvickykumar999.life,available,, ?208.11 
imvickykumar999.world,available,, ?208.11 
imvickykumar999.help,available,, ?234.97 
imvickykumar999.bar,available,, ?243.36 
imvickykumar999.cam,available,, ?250.07 
imvickykumar999.digital,available,, ?250.07 
imvickykumar999.fit,available,, ?250.07 
imvickykumar999.guru,available,, ?250.07 
imvickykumar999.ink,available,, ?250.07 
imvickykumar999.pro,available,, ?250.07 
imvickykumar999.today,available,, ?250.07 
imvickykumar999.top,available,, ?250.07 
imvickykumar999.us,available,, ?250.07 
imvickykumar999.wiki,available,, ?250.07 
imvickykumar999.work,available,, ?250.07 
imvickykumar999.boutique,available,, ?292.03 
imvickykumar999.directory,available,, ?292.03 
imvickykumar999.info,available,, ?292.03 
imvickykumar999.live,available,, ?292.03 
imvickykumar999.run,available,, ?292.03 
imvickykumar999.art,available,, ?333.99 
imvickykumar999.best,available,, ?333.99 
imvickykumar999.cloud,available,, ?333.99 
imvickykumar999.fyi,available,, ?333.99 
imvickykumar999.network,available,, ?333.99 
imvickykumar999.link,available,, ?375.95 
imvickykumar999.mobi,available,, ?375.95 
imvickykumar999.agency,available,, ?417.90 
imvickykumar999.city,available,, ?417.90 
imvickykumar999.club,available,, ?417.90 
imvickykumar999.codes,available,, ?417.90 
imvickykumar999.coupons,available,, ?417.90 
imvickykumar999.email,available,, ?417.90 
imvickykumar999.eu,available,, ?417.90 
imvickykumar999.forum,available,, ?417.90 
imvickykumar999.golf,available,, ?417.90 
imvickykumar999.melbourne,available,, ?417.90 
imvickykumar999.mwallet,available,, ?417.90 
imvickykumar999.my,available,, ?417.90 
imvickykumar999.support,available,, ?417.90 
imvickykumar999.sydney,available,, ?417.90 
imvickykumar999.team,available,, ?417.90 
imvickykumar999.uno,available,, ?417.90 
imvickykumar999.vip,available,, ?417.90 
imvickykumar999.wtf,available,, ?417.90 
imvickykumar999.delivery,available,, ?459.86 
imvickykumar999.fitness,available,, ?459.86 
imvickykumar999.works,available,, ?459.86 
imvickykumar999.africa,available,, ?501.82 
imvickykumar999.bid,available,, ?501.82 
imvickykumar999.bio,available,, ?501.82 
imvickykumar999.biz,available,, ?501.82 
imvickykumar999.cafe,available,, ?501.82 
imvickykumar999.cc,available,, ?501.82 
imvickykumar999.chat,available,, ?501.82 
imvickykumar999.cheap,available,, ?501.82 
imvickykumar999.co.in,available,, ?501.82 
imvickykumar999.com.de,available,, ?501.82 
imvickykumar999.cool,available,, ?501.82 
imvickykumar999.date,available,, ?501.82 
imvickykumar999.democrat,available,, ?501.82 
imvickykumar999.dog,available,, ?501.82 
imvickykumar999.download,available,, ?501.82 
imvickykumar999.enterprises,available,, ?501.82 
imvickykumar999.express,available,, ?501.82 
imvickykumar999.gold,available,, ?501.82 
imvickykumar999.green,available,, ?501.82 
imvickykumar999.institute,available,, ?501.82 
imvickykumar999.irish,available,, ?501.82 
imvickykumar999.kim,available,, ?501.82 
imvickykumar999.loan,available,, ?501.82 
imvickykumar999.markets,available,, ?501.82 
imvickykumar999.men,available,, ?501.82 
imvickykumar999.party,available,, ?501.82 
imvickykumar999.rentals,available,, ?501.82 
imvickykumar999.repair,available,, ?501.82 
imvickykumar999.report,available,, ?501.82 
imvickykumar999.republican,available,, ?501.82 
imvickykumar999.rocks,available,, ?501.82 
imvickykumar999.sale,available,, ?501.82 
imvickykumar999.singles,available,, ?501.82 
imvickykumar999.stream,available,, ?501.82 
imvickykumar999.town,available,, ?501.82 
imvickykumar999.trade,available,, ?501.82 
imvickykumar999.vin,available,, ?501.82 
imvickykumar999.watch,available,, ?501.82 
imvickykumar999.win,available,, ?501.82 
imvickykumar999.wine,available,, ?501.82 
imvickykumar999.zone,available,, ?501.82 
imvickykumar999.casino,available,, ?543.78 
imvickykumar999.media,available,, ?543.78 
imvickykumar999.onl,available,, ?544.62 
imvickykumar999.recipes,available,, ?568.95 
imvickykumar999.center,available,, ?585.74 
imvickykumar999.charity,available,, ?585.74 
imvickykumar999.co.uk,available,, ?585.74 
imvickykumar999.credit,available,, ?585.74 
imvickykumar999.de,available,, ?585.74 
imvickykumar999.foundation,available,, ?585.74 
imvickykumar999.gives,available,, ?585.74 
imvickykumar999.giving,available,, ?585.74 
imvickykumar999.marketing,available,, ?585.74 
imvickykumar999.me.uk,available,, ?585.74 
imvickykumar999.nl,available,, ?585.74 
imvickykumar999.pw,available,, ?585.74 
imvickykumar999.services,available,, ?585.74 
imvickykumar999.social,available,, ?585.74 
imvickykumar999.technology,available,, ?585.74 
imvickykumar999.tools,available,, ?585.74 
imvickykumar999.uk,available,, ?585.74 
imvickykumar999.org,available,, ?627.70 
imvickykumar999.org.uk,available,, ?627.70 
imvickykumar999.casa,available,, ?669.65 
imvickykumar999.in,available,, ?669.65 
imvickykumar999.in.net,available,, ?669.65 
imvickykumar999.me,available,, ?669.65 
imvickykumar999.ltd,available,, ?711.61 
imvickykumar999.bargains,available,, ?753.57 
imvickykumar999.bet,available,, ?753.57 
imvickykumar999.bike,available,, ?753.57 
imvickykumar999.capital,available,, ?753.57 
imvickykumar999.estate,available,, ?753.57 
imvickykumar999.exchange,available,, ?753.57 
imvickykumar999.expert,available,, ?753.57 
imvickykumar999.farm,available,, ?753.57 
imvickykumar999.house,available,, ?753.57 
imvickykumar999.international,available,, ?753.57 
imvickykumar999.jp.net,available,, ?753.57 
imvickykumar999.llc,available,, ?753.57 
imvickykumar999.london,available,, ?753.57 
imvickykumar999.money,available,, ?753.57 
imvickykumar999.name,available,, ?753.57 
imvickykumar999.news,available,, ?753.57 
imvickykumar999.pet,available,, ?753.57 
imvickykumar999.photography,available,, ?753.57 
imvickykumar999.photos,available,, ?753.57 
imvickykumar999.pink,available,, ?753.57 
imvickykumar999.plus,available,, ?753.57 
imvickykumar999.poker,available,, ?753.57 
imvickykumar999.productions,available,, ?753.57 
imvickykumar999.properties,available,, ?753.57 
imvickykumar999.red,available,, ?753.57 
imvickykumar999.rodeo,available,, ?753.57 
imvickykumar999.solutions,available,, ?753.57 
imvickykumar999.tax,available,, ?753.57 
imvickykumar999.taxi,available,, ?753.57 
imvickykumar999.tips,available,, ?753.57 
imvickykumar999.tours,available,, ?753.57 
imvickykumar999.training,available,, ?753.57 
imvickykumar999.video,available,, ?753.57 
imvickykumar999.ws,available,, ?753.57 
imvickykumar999.tech,available,, ?836.65 
imvickykumar999.com.se,available,, ?837.49 
imvickykumar999.diy,available,, ?837.49 
imvickykumar999.feedback,available,, ?837.49 
imvickykumar999.food,available,, ?837.49 
imvickykumar999.gb.net,available,, ?837.49 
imvickykumar999.lifestyle,available,, ?837.49 
imvickykumar999.living,available,, ?837.49 
imvickykumar999.love,available,, ?837.49 
imvickykumar999.rent,available,, ?837.49 
imvickykumar999.ceo,available,, ?838.33 
imvickykumar999.parts,available,, ?854.27 
imvickykumar999.coffee,available,, ?879.45 
imvickykumar999.dance,available,, ?879.45 
imvickykumar999.show,available,, ?879.45 
imvickykumar999.systems,available,, ?879.45 
imvickykumar999.church,available,, ?921.40 
imvickykumar999.co,available,, ?921.40 
imvickykumar999.design,available,, ?921.40 
imvickykumar999.energy,available,, ?921.40 
imvickykumar999.fans,available,, ?921.40 
imvickykumar999.kids,available,, ?921.40 
imvickykumar999.tel,available,, ?921.40 
imvickykumar999.com,available,, ?946.58 
imvickykumar999.actor,available,," ?1,005.32 "
imvickykumar999.army,available,," ?1,005.32 "
imvickykumar999.black,available,," ?1,005.32 "
imvickykumar999.broker,available,," ?1,005.32 "
imvickykumar999.business,available,," ?1,005.32 "
imvickykumar999.ca,available,," ?1,005.32 "
imvickykumar999.cash,available,," ?1,005.32 "
imvickykumar999.claims,available,," ?1,005.32 "
imvickykumar999.clinic,available,," ?1,005.32 "
imvickykumar999.coach,available,," ?1,005.32 "
imvickykumar999.com.co,available,," ?1,005.32 "
imvickykumar999.computer,available,," ?1,005.32 "
imvickykumar999.contact,available,," ?1,005.32 "
imvickykumar999.direct,available,," ?1,005.32 "
imvickykumar999.doctor,available,," ?1,005.32 "
imvickykumar999.finance,available,," ?1,005.32 "
imvickykumar999.financial,available,," ?1,005.32 "
imvickykumar999.forex,available,," ?1,005.32 "
imvickykumar999.forsale,available,," ?1,005.32 "
imvickykumar999.fund,available,," ?1,005.32 "
imvickykumar999.futbol,available,," ?1,005.32 "
imvickykumar999.games,available,," ?1,005.32 "
imvickykumar999.gdn,available,," ?1,005.32 "
imvickykumar999.haus,available,," ?1,005.32 "
imvickykumar999.investments,available,," ?1,005.32 "
imvickykumar999.kitchen,available,," ?1,005.32 "
imvickykumar999.land,available,," ?1,005.32 "
imvickykumar999.lgbt,available,," ?1,005.32 "
imvickykumar999.loans,available,," ?1,005.32 "
imvickykumar999.mba,available,," ?1,005.32 "
imvickykumar999.observer,available,," ?1,005.32 "
imvickykumar999.okinawa,available,," ?1,005.32 "
imvickykumar999.pictures,available,," ?1,005.32 "
imvickykumar999.pizza,available,," ?1,005.32 "
imvickykumar999.promo,available,," ?1,005.32 "
imvickykumar999.restaurant,available,," ?1,005.32 "
imvickykumar999.ryukyu,available,," ?1,005.32 "
imvickykumar999.shiksha,available,," ?1,005.32 "
imvickykumar999.software,available,," ?1,005.32 "
imvickykumar999.toys,available,," ?1,005.32 "
imvickykumar999.ventures,available,," ?1,005.32 "
imvickykumar999.vote,available,," ?1,005.32 "
imvickykumar999.voto,available,," ?1,005.32 "
imvickykumar999.w3n,available,," ?1,005.32 "
imvickykumar999.associates,available,," ?1,089.24 "
imvickykumar999.blue,available,," ?1,089.24 "
imvickykumar999.boo,available,," ?1,089.24 "
imvickykumar999.company,available,," ?1,089.24 "
imvickykumar999.cymru,available,," ?1,089.24 "
imvickykumar999.dad,available,," ?1,089.24 "
imvickykumar999.day,available,," ?1,089.24 "
imvickykumar999.events,available,," ?1,089.24 "
imvickykumar999.faith,available,," ?1,089.24 "
imvickykumar999.foo,available,," ?1,089.24 "
imvickykumar999.health,available,," ?1,089.24 "
imvickykumar999.ing,available,," ?1,089.24 "
imvickykumar999.meme,available,," ?1,089.24 "
imvickykumar999.mex.com,available,," ?1,089.24 "
imvickykumar999.mov,available,," ?1,089.24 "
imvickykumar999.net,available,," ?1,089.24 "
imvickykumar999.nexus,available,," ?1,089.24 "
imvickykumar999.ninja,available,," ?1,089.24 "
imvickykumar999.page,available,," ?1,089.24 "
imvickykumar999.racing,available,," ?1,089.24 "
imvickykumar999.review,available,," ?1,089.24 "
imvickykumar999.rsvp,available,," ?1,089.24 "
imvickykumar999.science,available,," ?1,089.24 "
imvickykumar999.studio,available,," ?1,089.24 "
imvickykumar999.tube,available,," ?1,089.24 "
imvickykumar999.wales,available,," ?1,089.24 "
imvickykumar999.webcam,available,," ?1,089.24 "
imvickykumar999.zip,available,," ?1,089.24 "
imvickykumar999.boston,available,," ?1,173.15 "
imvickykumar999.com.mx,available,," ?1,173.15 "
imvickykumar999.engineering,available,," ?1,173.15 "
imvickykumar999.academy,available,," ?1,215.11 "
imvickykumar999.archi,available,," ?1,215.11 "
imvickykumar999.band,available,," ?1,215.11 "
imvickykumar999.partners,available,," ?1,215.11 "
imvickykumar999.dev,available,," ?1,257.07 "
imvickykumar999.gr.com,available,," ?1,257.07 "
imvickykumar999.li,available,," ?1,257.07 "
imvickykumar999.moe,available,," ?1,257.07 "
imvickykumar999.style,available,," ?1,257.07 "
imvickykumar999.xn--6frz82g,available,," ?1,257.07 "
imvickykumar999.host,available,," ?1,257.91 "
imvickykumar999.press,available,," ?1,257.91 "
imvickykumar999.consulting,available,," ?1,340.99 "
imvickykumar999.miami,available,," ?1,340.99 "
imvickykumar999.app,available,," ?1,424.90 "
imvickykumar999.gift,available,," ?1,424.90 "
imvickykumar999.nagoya,available,," ?1,424.90 "
imvickykumar999.tokyo,available,," ?1,424.90 "
imvickykumar999.trading,available,," ?1,424.90 "
imvickykumar999.yokohama,available,," ?1,424.90 "
imvickykumar999.accountants,available,," ?1,466.86 "
imvickykumar999.care,available,," ?1,466.86 "
imvickykumar999.dating,available,," ?1,466.86 "
imvickykumar999.com.au,available,," ?1,508.82 "
imvickykumar999.de.com,available,," ?1,508.82 "
imvickykumar999.eu.com,available,," ?1,508.82 "
imvickykumar999.fr,available,," ?1,508.82 "
imvickykumar999.group,available,," ?1,508.82 "
imvickykumar999.net.au,available,," ?1,508.82 "
imvickykumar999.org.au,available,," ?1,508.82 "
imvickykumar999.place,available,," ?1,508.82 "
imvickykumar999.ch,available,," ?1,592.74 "
imvickykumar999.cn.com,available,," ?1,592.74 "
imvickykumar999.com.es,available,," ?1,592.74 "
imvickykumar999.es,available,," ?1,592.74 "
imvickykumar999.exposed,available,," ?1,592.74 "
imvickykumar999.gratis,available,," ?1,592.74 "
imvickykumar999.jetzt,available,," ?1,592.74 "
imvickykumar999.ngo,available,," ?1,592.74 "
imvickykumar999.nom.es,available,," ?1,592.74 "
imvickykumar999.ong,available,," ?1,592.74 "
imvickykumar999.org.es,available,," ?1,592.74 "
imvickykumar999.reisen,available,," ?1,592.74 "
imvickykumar999.ae.org,available,," ?1,676.65 "
imvickykumar999.cx,available,," ?1,676.65 "
imvickykumar999.desi,available,," ?1,676.65 "
imvickykumar999.earth,available,," ?1,676.65 "
imvickykumar999.property,available,," ?1,676.65 "
imvickykumar999.rip,available,," ?1,676.65 "
imvickykumar999.us.com,available,," ?1,676.65 "
imvickykumar999.us.org,available,," ?1,676.65 "
imvickykumar999.vegas,available,," ?1,676.65 "
imvickykumar999.equipment,available,," ?1,760.57 "
imvickykumar999.management,available,," ?1,760.57 "
imvickykumar999.schule,available,," ?1,760.57 "
imvickykumar999.soccer,available,," ?1,760.57 "
imvickykumar999.supplies,available,," ?1,760.57 "
imvickykumar999.supply,available,," ?1,760.57 "
imvickykumar999.bz,available,," ?1,844.49 "
imvickykumar999.football,available,," ?1,844.49 "
imvickykumar999.gallery,available,," ?1,844.49 "
imvickykumar999.graphics,available,," ?1,844.49 "
imvickykumar999.lighting,available,," ?1,844.49 "
imvickykumar999.org.mx,available,," ?1,844.49 "
imvickykumar999.id,available,," ?1,928.40 "
imvickykumar999.flights,available,," ?1,970.36 "
imvickykumar999.furniture,available,," ?1,970.36 "
imvickykumar999.global,available,," ?1,970.36 "
imvickykumar999.shoes,available,," ?1,970.36 "
imvickykumar999.travel,available,," ?1,970.36 "
imvickykumar999.jf,available,," ?2,012.32 "
imvickykumar999.kj,available,," ?2,012.32 "
imvickykumar999.xg,available,," ?2,012.32 "
imvickykumar999.xq,available,," ?2,012.32 "
imvickykumar999.accountant,available,," ?2,180.15 "
imvickykumar999.co.com,available,," ?2,180.15 "
imvickykumar999.cricket,available,," ?2,180.15 "
imvickykumar999.esq,available,," ?2,180.15 "
imvickykumar999.hiphop,available,," ?2,180.15 "
imvickykumar999.nyc,available,," ?2,180.15 "
imvickykumar999.phd,available,," ?2,180.15 "
imvickykumar999.photo,available,," ?2,180.15 "
imvickykumar999.prof,available,," ?2,180.15 "
imvickykumar999.education,available,," ?2,306.03 "
imvickykumar999.beer,available,," ?2,347.99 "
imvickykumar999.cab,available,," ?2,347.99 "
imvickykumar999.cooking,available,," ?2,347.99 "
imvickykumar999.discount,available,," ?2,347.99 "
imvickykumar999.fashion,available,," ?2,347.99 "
imvickykumar999.fishing,available,," ?2,347.99 "
imvickykumar999.garden,available,," ?2,347.99 "
imvickykumar999.gripe,available,," ?2,347.99 "
imvickykumar999.horse,available,," ?2,347.99 "
imvickykumar999.immo,available,," ?2,347.99 "
imvickykumar999.immobilien,available,," ?2,347.99 "
imvickykumar999.moda,available,," ?2,347.99 "
imvickykumar999.navy,available,," ?2,347.99 "
imvickykumar999.sarl,available,," ?2,347.99 "
imvickykumar999.surf,available,," ?2,347.99 "
imvickykumar999.vodka,available,," ?2,347.99 "
imvickykumar999.wedding,available,," ?2,347.99 "
imvickykumar999.yoga,available,," ?2,347.99 "
imvickykumar999.ac,available,," ?2,431.90 "
imvickykumar999.careers,available,," ?2,431.90 "
imvickykumar999.movie,available,," ?2,431.90 "
imvickykumar999.soy,available,," ?2,431.90 "
imvickykumar999.auction,available,," ?2,515.82 "
imvickykumar999.clothing,available,," ?2,515.82 "
imvickykumar999.contractors,available,," ?2,515.82 "
imvickykumar999.family,available,," ?2,515.82 "
imvickykumar999.flap,available,," ?2,515.82 "
imvickykumar999.florist,available,," ?2,515.82 "
imvickykumar999.gay,available,," ?2,515.82 "
imvickykumar999.gifts,available,," ?2,515.82 "
imvickykumar999.io,available,," ?2,515.82 "
imvickykumar999.kaufen,available,," ?2,515.82 "
imvickykumar999.limited,available,," ?2,515.82 "
imvickykumar999.shopping,available,," ?2,515.82 "
imvickykumar999.to,available,," ?2,515.82 "
imvickykumar999.tv,available,," ?2,515.82 "
imvickykumar999.bizdev,available,," ?2,599.74 "
imvickykumar999.how,available,," ?2,599.74 "
imvickykumar999.substack,available,," ?2,599.74 "
imvickykumar999.airforce,available,," ?2,683.65 "
imvickykumar999.builders,available,," ?2,683.65 "
imvickykumar999.cards,available,," ?2,683.65 "
imvickykumar999.catering,available,," ?2,683.65 "
imvickykumar999.community,available,," ?2,683.65 "
imvickykumar999.construction,available,," ?2,683.65 "
imvickykumar999.deals,available,," ?2,683.65 "
imvickykumar999.engineer,available,," ?2,683.65 "
imvickykumar999.fail,available,," ?2,683.65 "
imvickykumar999.gmbh,available,," ?2,683.65 "
imvickykumar999.guide,available,," ?2,683.65 "
imvickykumar999.kiwi,available,," ?2,683.65 "
imvickykumar999.pub,available,," ?2,683.65 "
imvickykumar999.rehab,available,," ?2,683.65 "
imvickykumar999.school,available,," ?2,683.65 "
imvickykumar999.uk.com,available,," ?2,683.65 "
imvickykumar999.uk.net,available,," ?2,683.65 "
imvickykumar999.vacations,available,," ?2,683.65 "
imvickykumar999.vision,available,," ?2,683.65 "
imvickykumar999.build,available,," ?2,767.57 "
imvickykumar999.com.vc,available,," ?2,767.57 "
imvickykumar999.courses,available,," ?2,767.57 "
imvickykumar999.hu.net,available,," ?2,767.57 "
imvickykumar999.la,available,," ?2,767.57 "
imvickykumar999.net.vc,available,," ?2,767.57 "
imvickykumar999.org.vc,available,," ?2,767.57 "
imvickykumar999.osaka,available,," ?2,767.57 "
imvickykumar999.se.net,available,," ?2,767.57 "
imvickykumar999.study,available,," ?2,767.57 "
imvickykumar999.vc,available,," ?2,767.57 "
imvickykumar999.gg,available,," ?2,851.49 "
imvickykumar999.vet,available,," ?2,851.49 "
imvickykumar999.krd,available,," ?2,935.40 "
imvickykumar999.menu,available,," ?2,935.40 "
imvickykumar999.sh,available,," ?2,935.40 "
imvickykumar999.domains,available,," ?3,019.32 "
imvickykumar999.fish,available,," ?3,019.32 "
imvickykumar999.industries,available,," ?3,019.32 "
imvickykumar999.market,available,," ?3,019.32 "
imvickykumar999.shizzle,available,," ?3,187.15 "
imvickykumar999.jpn.com,available,," ?3,271.07 "
imvickykumar999.tattoo,available,," ?3,271.07 "
imvickykumar999.degree,available,," ?3,354.99 "
imvickykumar999.prodazha,available,," ?3,356.66 "
imvickykumar999.voice,available,," ?3,356.66 "
imvickykumar999.mx,available,," ?3,522.82 "
imvickykumar999.br.com,available,," ?3,606.74 "
imvickykumar999.memorial,available,," ?3,690.65 "
imvickykumar999.surgery,available,," ?3,690.65 "
imvickykumar999.viajes,available,," ?3,690.65 "
imvickykumar999.villas,available,," ?3,690.65 "
imvickykumar999.com.sg,available,," ?3,774.57 "
imvickykumar999.fan,available,," ?3,774.57 "
imvickykumar999.sg,available,," ?3,774.57 "
imvickykumar999.co.bz,available,," ?3,858.49 "
imvickykumar999.d5,available,," ?3,858.49 "
imvickykumar999.is,available,," ?3,858.49 "
imvickykumar999.paris,available,," ?3,942.40 "
imvickykumar999.bingo,available,," ?4,026.32 "
imvickykumar999.condos,available,," ?4,026.32 "
imvickykumar999.cruises,available,," ?4,026.32 "
imvickykumar999.hockey,available,," ?4,026.32 "
imvickykumar999.lease,available,," ?4,026.32 "
imvickykumar999.limo,available,," ?4,026.32 "
imvickykumar999.maison,available,," ?4,026.32 "
imvickykumar999.plumbing,available,," ?4,026.32 "
imvickykumar999.voyage,available,," ?4,026.32 "
imvickykumar999.camp,available,," ?4,110.24 "
imvickykumar999.diamonds,available,," ?4,110.24 "
imvickykumar999.apartments,available,," ?4,278.07 "
imvickykumar999.attorney,available,," ?4,278.07 "
imvickykumar999.camera,available,," ?4,278.07 "
imvickykumar999.dentist,available,," ?4,278.07 "
imvickykumar999.lawyer,available,," ?4,278.07 "
imvickykumar999.mortgage,available,," ?4,278.07 "
imvickykumar999.reviews,available,," ?4,278.07 "
imvickykumar999.solar,available,," ?4,278.07 "
imvickykumar999.university,available,," ?4,278.07 "
imvickykumar999.glass,available,," ?4,361.99 "
imvickykumar999.holiday,available,," ?4,361.99 "
imvickykumar999.hospital,available,," ?4,361.99 "
imvickykumar999.insure,available,," ?4,361.99 "
imvickykumar999.salon,available,," ?4,361.99 "
imvickykumar999.theater,available,," ?4,361.99 "
imvickykumar999.tienda,available,," ?4,361.99 "
imvickykumar999.cleaning,available,," ?4,445.90 "
imvickykumar999.com.ph,available,," ?4,445.90 "
imvickykumar999.holdings,available,," ?4,445.90 "
imvickykumar999.jewelry,available,," ?4,445.90 "
imvickykumar999.net.ph,available,," ?4,445.90 "
imvickykumar999.org.ph,available,," ?4,445.90 "
imvickykumar999.ph,available,," ?4,445.90 "
imvickykumar999.tennis,available,," ?4,613.74 "
imvickykumar999.dental,available,," ?4,781.57 "
imvickykumar999.legal,available,," ?4,781.57 "
imvickykumar999.healthcare,available,," ?4,865.49 "
imvickykumar999.ski,available,," ?5,285.07 "
imvickykumar999.bot,available,," ?5,452.90 "
imvickykumar999.so,available,," ?5,452.90 "
imvickykumar999.buyaflat,available,," ?5,620.73 "
imvickykumar999.berlin,available,," ?5,872.48 "
imvickykumar999.eco,available,," ?5,872.48 "
imvickykumar999.fm,available,," ?5,872.48 "
imvickykumar999.hamburg,available,," ?5,872.48 "
imvickykumar999.kyoto,available,," ?5,956.40 "
imvickykumar999.com.pe,available,," ?6,375.98 "
imvickykumar999.net.pe,available,," ?6,375.98 "
imvickykumar999.org.pe,available,," ?6,375.98 "
imvickykumar999.pe,available,," ?6,375.98 "
imvickykumar999.film,available,," ?6,543.82 "
imvickykumar999.reise,available,," ?6,627.73 "
imvickykumar999.ai,available,," ?6,711.65 "
imvickykumar999.tires,available,," ?7,382.98 "
imvickykumar999.adult,available,," ?8,306.07 "
imvickykumar999.law,available,," ?8,306.07 "
imvickykumar999.porn,available,," ?8,306.07 "
imvickykumar999.sex,available,," ?8,306.07 "
imvickykumar999.xxx,available,," ?8,306.07 "
imvickykumar999.realty,available,," ?8,389.98 "
imvickykumar999.audio,available,," ?9,145.23 "
imvickykumar999.diet,available,," ?9,145.23 "
imvickykumar999.flowers,available,," ?9,145.23 "
imvickykumar999.guitars,available,," ?9,145.23 "
imvickykumar999.ru.com,available,," ?10,571.82 "
imvickykumar999.blackfriday,available,," ?10,823.56 "
imvickykumar999.cm,available,," ?11,830.56 "
imvickykumar999.supreme,available,," ?12,501.90 "
imvickykumar999.creditcard,available,," ?13,173.23 "
imvickykumar999.ltda,taken,,
imvickykumar999.nu,available,,
imvickykumar999.sats,taken,,
imvickykumar999.u2,taken,,
